Price;obname;price;quty;dirTrigger;AgTrigger;Oid;ag2;Oid2;bestask;bestbid
Price;lvmh;14679;13;A;paul;2;paul;1;14054;14679
Price;lvmh;14054;66;B;paul;2;paul;6;14054;14177
Price;lvmh;14392;12;B;paul;5;paul;9;14392;14399
Price;lvmh;14399;9;A;paul;11;paul;9;14028;14399
Price;lvmh;14177;33;A;paul;11;paul;6;14028;14177
Price;lvmh;14028;37;B;paul;11;paul;12;14028;14270
Price;lvmh;14028;11;B;paul;11;paul;13;14028;14193
Price;lvmh;14193;66;A;paul;14;paul;13;14120;14193
Price;lvmh;14120;12;B;paul;14;paul;16;14120;14402
Price;lvmh;14120;14;B;paul;14;paul;17;14120;14411
Price;lvmh;14411;43;A;paul;18;paul;17;14128;14411
Price;lvmh;14128;3;B;paul;18;paul;23;14128;14603
Price;lvmh;14464;13;B;paul;21;paul;23;14464;14603
Price;lvmh;14464;33;B;paul;21;paul;24;14464;14737
Price;lvmh;14524;37;B;paul;19;paul;24;14524;14737
Price;lvmh;14524;49;B;paul;19;paul;25;14524;14706
Price;lvmh;14535;1;B;paul;3;paul;25;14535;14706
Price;lvmh;14364;61;B;paul;26;paul;38;14364;14520
Price;lvmh;14390;20;B;paul;28;paul;38;14390;14520
Price;lvmh;14390;43;B;paul;28;paul;41;14390;14530
Price;lvmh;14340;45;A;paul;44;paul;30;14197;14340
Price;lvmh;14340;46;A;paul;45;paul;30;14278;14340
Price;lvmh;14331;32;A;paul;45;paul;43;14278;14331
Price;lvmh;14390;23;B;paul;28;paul;48;14390;14568
Price;lvmh;14481;8;B;paul;35;paul;48;14481;14568
Price;lvmh;14331;21;A;paul;49;paul;43;14006;14331
Price;lvmh;14216;40;A;paul;49;paul;34;14006;14216
Price;lvmh;14083;7;A;paul;49;paul;27;14006;14083
Price;lvmh;14481;13;B;paul;35;paul;50;14481;14976
Price;lvmh;14104;26;B;paul;51;paul;54;14104;14109
Price;lvmh;14481;69;B;paul;35;paul;55;14481;14655
Price;lvmh;14535;16;B;paul;3;paul;55;14535;14655
Price;lvmh;14535;40;B;paul;3;paul;56;14535;14877
Price;lvmh;14535;27;B;paul;3;paul;60;14535;14801
Price;lvmh;14558;55;B;paul;37;paul;60;14558;14801
Price;lvmh;14558;6;B;paul;37;paul;64;14558;14706
Price;lvmh;14565;28;B;paul;33;paul;64;14565;14706
Price;lvmh;14424;16;A;paul;65;paul;63;14229;14424
Price;lvmh;14305;31;A;paul;65;paul;59;14229;14305
Price;lvmh;14565;61;B;paul;33;paul;66;14565;14990
Price;lvmh;14566;9;B;paul;20;paul;66;14566;14990
Price;lvmh;14305;20;A;paul;71;paul;59;14248;14305
Price;lvmh;14248;19;B;paul;71;paul;76;14248;14468
Price;lvmh;14182;13;A;paul;80;paul;57;14065;14182
Price;lvmh;14109;13;A;paul;80;paul;54;14065;14109
Price;lvmh;14198;44;B;paul;79;paul;87;14198;14919
Price;lvmh;14248;42;B;paul;71;paul;87;14248;14919
Price;lvmh;14248;10;B;paul;71;paul;89;14248;14286
Price;lvmh;14335;39;B;paul;67;paul;92;14335;14696
Price;lvmh;14346;22;B;paul;82;paul;92;14346;14696
Price;lvmh;14346;10;B;paul;82;paul;93;14346;14639
Price;lvmh;14357;43;B;paul;86;paul;93;14357;14639
Price;lvmh;14357;37;B;paul;86;paul;95;14357;14746
Price;lvmh;14370;34;B;paul;77;paul;95;14370;14746
Price;lvmh;14286;13;A;paul;96;paul;89;14066;14286
Price;lvmh;14210;24;A;paul;96;paul;88;14066;14210
Price;lvmh;14194;12;A;paul;96;paul;84;14066;14194
Price;lvmh;14194;9;A;paul;97;paul;84;14165;14194
Price;lvmh;14181;23;A;paul;97;paul;83;14165;14181
Price;lvmh;14169;16;A;paul;97;paul;94;14165;14169
Price;lvmh;14370;41;B;paul;77;paul;101;14370;14698
Price;lvmh;14433;15;B;paul;91;paul;101;14433;14698
Price;lvmh;14277;34;B;paul;102;paul;105;14277;14697
Price;lvmh;14277;7;B;paul;102;paul;106;14277;14512
Price;lvmh;14433;14;B;paul;91;paul;106;14433;14512
Price;lvmh;14480;37;B;paul;81;paul;106;14480;14512
Price;lvmh;14512;25;A;paul;108;paul;106;14223;14512
Price;lvmh;14512;3;A;paul;109;paul;106;14174;14512
Price;lvmh;14233;40;A;paul;109;paul;98;14174;14233
Price;lvmh;14515;12;B;paul;99;paul;110;14515;14828
Price;lvmh;14515;36;B;paul;99;paul;112;14515;14824
Price;lvmh;14233;40;A;paul;113;paul;98;14038;14233
Price;lvmh;14211;28;A;paul;113;paul;104;14038;14211
Price;lvmh;14391;85;B;paul;116;paul;122;14391;14885
Price;lvmh;14391;2;B;paul;116;paul;124;14391;14480
Price;lvmh;14460;48;B;paul;120;paul;124;14460;14480
Price;lvmh;14467;31;B;paul;117;paul;124;14467;14480
Price;lvmh;14342;40;A;paul;125;paul;115;14040;14342
Price;lvmh;14211;24;A;paul;125;paul;104;14040;14211
Price;lvmh;14169;17;A;paul;125;paul;94;14040;14169
Price;lvmh;14169;12;A;paul;125;paul;119;14040;14169
Price;lvmh;14169;47;A;paul;126;paul;119;14166;14169
Price;lvmh;14169;24;A;paul;128;paul;119;14066;14169
Price;lvmh;14206;30;B;paul;127;paul;129;14206;14679
Price;lvmh;14206;51;B;paul;127;paul;130;14206;14425
Price;lvmh;14467;24;B;paul;117;paul;133;14467;14846
Price;lvmh;14515;17;B;paul;99;paul;133;14515;14846
Price;lvmh;14515;1;B;paul;99;paul;135;14515;14871
Price;lvmh;14520;63;B;paul;100;paul;135;14520;14871
Price;lvmh;14520;19;B;paul;100;paul;138;14520;14721
Price;lvmh;14534;13;B;paul;111;paul;138;14534;14721
Price;lvmh;14457;25;A;paul;141;paul;134;14015;14457
Price;lvmh;14425;32;A;paul;141;paul;130;14015;14425
Price;lvmh;14425;2;A;paul;143;paul;130;14032;14425
Price;lvmh;14412;55;A;paul;143;paul;139;14032;14412
Price;lvmh;14534;52;B;paul;111;paul;146;14534;14982
Price;lvmh;14534;22;B;paul;123;paul;146;14534;14982
Price;lvmh;14534;36;B;paul;123;paul;148;14534;14864
Price;lvmh;14566;35;B;paul;20;paul;148;14566;14864
Price;lvmh;14412;4;A;paul;153;paul;139;14378;14412
Price;lvmh;14391;26;A;paul;153;paul;150;14378;14391
Price;lvmh;14385;43;A;paul;153;paul;149;14378;14385
Price;lvmh;14378;22;B;paul;153;paul;158;14378;14747
Price;lvmh;14566;10;B;paul;20;paul;158;14566;14747
Price;lvmh;14579;37;B;paul;22;paul;158;14579;14747
Price;lvmh;14586;22;B;paul;8;paul;158;14586;14747
Price;lvmh;14586;26;B;paul;8;paul;159;14586;14973
Price;lvmh;14583;89;A;paul;164;paul;161;14469;14583
Price;lvmh;14408;20;A;paul;166;paul;165;14015;14408
Price;lvmh;14376;36;A;paul;166;paul;144;14015;14376
Price;lvmh;14451;17;B;paul;168;paul;170;14451;14459
Price;lvmh;14451;12;B;paul;168;paul;171;14451;14804
Price;lvmh;14376;37;A;paul;174;paul;144;14193;14376
Price;lvmh;14255;15;A;paul;174;paul;172;14193;14255
Price;lvmh;14451;6;B;paul;168;paul;175;14451;14826
Price;lvmh;14469;7;B;paul;164;paul;175;14469;14826
Price;lvmh;14524;19;B;paul;169;paul;175;14524;14826
Price;lvmh;14586;1;B;paul;8;paul;175;14586;14826
Price;lvmh;14600;19;B;paul;52;paul;175;14600;14826
Price;lvmh;14613;30;B;paul;121;paul;175;14613;14826
Price;lvmh;14523;25;A;paul;179;paul;178;14260;14523
Price;lvmh;14613;23;B;paul;121;paul;182;14613;14889
Price;lvmh;14626;48;B;paul;68;paul;182;14626;14889
Price;lvmh;14550;21;A;paul;183;paul;180;14385;14550
Price;lvmh;14523;10;A;paul;183;paul;178;14385;14523
Price;lvmh;14456;2;A;paul;183;paul;176;14385;14456
Price;lvmh;14626;18;B;paul;68;paul;185;14626;14805
Price;lvmh;14549;46;A;paul;186;paul;184;14316;14549
Price;lvmh;14456;42;A;paul;186;paul;176;14316;14456
Price;lvmh;14456;8;A;paul;189;paul;176;14205;14456
Price;lvmh;14426;4;A;paul;189;paul;177;14205;14426
Price;lvmh;14626;9;B;paul;68;paul;191;14626;14976
Price;lvmh;14634;29;B;paul;53;paul;191;14634;14976
Price;lvmh;14426;88;A;paul;192;paul;177;14247;14426
Price;lvmh;14290;2;A;paul;192;paul;190;14247;14290
Price;lvmh;14290;74;A;paul;193;paul;190;14145;14290
Price;lvmh;14255;3;A;paul;193;paul;172;14145;14255
Price;lvmh;14623;46;A;paul;197;paul;194;14312;14623
Price;lvmh;14255;75;A;paul;201;paul;172;14230;14255
Price;lvmh;14248;7;A;paul;201;paul;160;14230;14248
Price;lvmh;14248;3;A;paul;202;paul;160;14152;14248
Price;lvmh;14230;39;A;paul;202;paul;188;14152;14230
Price;lvmh;14209;15;A;paul;202;paul;152;14152;14209
Price;lvmh;14312;13;B;paul;197;paul;203;14312;14593
Price;lvmh;14593;45;A;paul;204;paul;203;14275;14593
Price;lvmh;14634;7;B;paul;53;paul;206;14634;14789
Price;lvmh;14644;58;B;paul;118;paul;206;14644;14789
Price;lvmh;14593;13;A;paul;211;paul;203;14459;14593
Price;lvmh;14591;38;A;paul;211;paul;209;14459;14591
Price;lvmh;14591;17;A;paul;212;paul;209;14523;14591
Price;lvmh;14591;1;A;paul;213;paul;209;14382;14591
Price;lvmh;14382;48;B;paul;213;paul;217;14382;14761
Price;lvmh;14644;7;B;paul;118;paul;217;14644;14761
Price;lvmh;14649;27;B;paul;31;paul;217;14649;14761
Price;lvmh;14322;42;A;paul;218;paul;214;14246;14322
Price;lvmh;14475;55;A;paul;220;paul;219;14225;14475
Price;lvmh;14322;44;A;paul;220;paul;214;14225;14322
Price;lvmh;14649;19;B;paul;31;paul;221;14649;14737
Price;lvmh;14670;14;B;paul;10;paul;221;14670;14737
Price;lvmh;14673;36;B;paul;215;paul;221;14673;14737
Price;lvmh;14674;22;B;paul;157;paul;221;14674;14737
Price;lvmh;14607;53;A;paul;223;paul;222;14338;14607
Price;lvmh;14338;35;B;paul;223;paul;224;14338;14762
Price;lvmh;14674;46;B;paul;157;paul;224;14674;14762
Price;lvmh;14322;11;A;paul;225;paul;214;14288;14322
Price;lvmh;14288;22;B;paul;225;paul;226;14288;14972
Price;lvmh;14674;11;B;paul;157;paul;226;14674;14972
Price;lvmh;14708;21;B;paul;69;paul;226;14708;14972
Price;lvmh;14246;14;A;paul;230;paul;207;14129;14246
Price;lvmh;14209;18;A;paul;230;paul;152;14129;14209
Price;lvmh;14209;18;A;paul;232;paul;152;14207;14209
Price;lvmh;14207;42;B;paul;232;paul;234;14207;14379
Price;lvmh;14353;48;B;paul;227;paul;234;14353;14379
Price;lvmh;14353;4;B;paul;227;paul;235;14353;14471
Price;lvmh;14471;45;A;paul;236;paul;235;14142;14471
Price;lvmh;14471;6;A;paul;238;paul;235;14321;14471
Price;lvmh;14321;13;B;paul;238;paul;242;14321;14805
Price;lvmh;14199;13;A;paul;246;paul;156;14030;14199
Price;lvmh;14187;20;A;paul;246;paul;151;14030;14187
Price;lvmh;14169;8;A;paul;246;paul;119;14030;14169
Price;lvmh;14162;15;A;paul;246;paul;85;14030;14162
Price;lvmh;14321;30;B;paul;238;paul;247;14321;14581
Price;lvmh;14321;43;B;paul;238;paul;248;14321;14647
Price;lvmh;14378;4;B;paul;239;paul;248;14378;14647
Price;lvmh;14378;33;B;paul;239;paul;249;14378;14642
Price;lvmh;14274;74;A;paul;255;paul;254;14056;14274
Price;lvmh;14274;13;A;paul;257;paul;254;14034;14274
Price;lvmh;14162;1;A;paul;257;paul;85;14034;14162
Price;lvmh;14137;74;A;paul;257;paul;229;14034;14137
Price;lvmh;14126;4;A;paul;257;paul;107;14034;14126
Price;lvmh;14298;18;B;paul;252;paul;259;14298;14425
Price;lvmh;14298;53;B;paul;252;paul;263;14298;14459
Price;lvmh;14298;6;B;paul;252;paul;266;14298;14797
Price;lvmh;14337;17;B;paul;261;paul;266;14337;14797
Price;lvmh;14325;51;B;paul;269;paul;272;14325;14721
Price;lvmh;14325;29;B;paul;269;paul;274;14325;14775
Price;lvmh;14337;22;B;paul;261;paul;274;14337;14775
Price;lvmh;14337;16;B;paul;261;paul;277;14337;14458
Price;lvmh;14341;22;B;paul;276;paul;277;14341;14458
Price;lvmh;14257;35;A;paul;278;paul;260;14030;14257
Price;lvmh;14178;46;A;paul;278;paul;275;14030;14178
Price;lvmh;14341;19;B;paul;276;paul;279;14341;14626
Price;lvmh;14378;3;B;paul;239;paul;279;14378;14626
Price;lvmh;14378;18;B;paul;239;paul;285;14378;14703
Price;lvmh;14392;10;B;paul;265;paul;285;14392;14703
Price;lvmh;14428;26;B;paul;258;paul;285;14428;14703
Price;lvmh;14459;9;B;paul;240;paul;285;14459;14703
Price;lvmh;14459;16;B;paul;240;paul;287;14459;14935
Price;lvmh;14466;81;B;paul;284;paul;287;14466;14935
Price;lvmh;14213;61;A;paul;288;paul;286;14037;14213
Price;lvmh;14178;15;A;paul;288;paul;275;14037;14178
Price;lvmh;14210;63;B;paul;289;paul;292;14210;14634
Price;lvmh;14279;26;B;paul;290;paul;292;14279;14634
Price;lvmh;14279;17;B;paul;290;paul;294;14279;14900
Price;lvmh;14319;12;B;paul;291;paul;294;14319;14900
Price;lvmh;14466;13;B;paul;284;paul;294;14466;14900
Price;lvmh;14466;3;B;paul;284;paul;296;14466;14485
Price;lvmh;14485;21;A;paul;300;paul;296;14116;14485
Price;lvmh;14485;15;A;paul;304;paul;296;14127;14485
Price;lvmh;14488;38;B;paul;253;paul;305;14488;14776
Price;lvmh;14509;25;B;paul;281;paul;305;14509;14776
Price;lvmh;14565;21;B;paul;302;paul;305;14565;14776
Price;lvmh;14485;12;A;paul;306;paul;296;14018;14485
Price;lvmh;14485;23;A;paul;307;paul;296;14103;14485
Price;lvmh;14317;43;A;paul;307;paul;298;14103;14317
Price;lvmh;14565;42;B;paul;302;paul;312;14565;14568
Price;lvmh;14568;9;A;paul;313;paul;312;14475;14568
Price;lvmh;14431;28;A;paul;316;paul;308;14340;14431
Price;lvmh;14340;11;B;paul;316;paul;317;14340;14820
Price;lvmh;14475;18;B;paul;313;paul;317;14475;14820
Price;lvmh;14592;24;B;paul;280;paul;317;14592;14820
Price;lvmh;14521;10;A;paul;321;paul;318;14389;14521
Price;lvmh;14592;44;B;paul;280;paul;323;14592;14946
Price;lvmh;14659;12;B;paul;283;paul;323;14659;14946
Price;lvmh;14521;34;A;paul;325;paul;318;14210;14521
Price;lvmh;14317;13;A;paul;325;paul;298;14210;14317
Price;lvmh;14266;40;A;paul;325;paul;315;14210;14266
Price;lvmh;14266;44;A;paul;326;paul;315;14015;14266
Price;lvmh;14266;5;A;paul;329;paul;315;14087;14266
Price;lvmh;14178;4;A;paul;329;paul;275;14087;14178
Price;lvmh;14126;48;A;paul;329;paul;107;14087;14126
Price;lvmh;14125;21;A;paul;329;paul;244;14087;14125
Price;lvmh;14528;23;B;paul;330;paul;332;14528;14679
Price;lvmh;14528;24;B;paul;330;paul;335;14528;14880
Price;lvmh;14430;45;A;paul;336;paul;331;14112;14430
Price;lvmh;14296;13;A;paul;336;paul;333;14112;14296
Price;lvmh;14125;19;A;paul;336;paul;244;14112;14125
Price;lvmh;14121;13;A;paul;336;paul;154;14112;14121
Price;lvmh;14121;58;A;paul;338;paul;154;14106;14121
Price;lvmh;14114;22;A;paul;338;paul;196;14106;14114
Price;lvmh;14113;14;A;paul;338;paul;90;14106;14113
Price;lvmh;14116;86;B;paul;343;paul;344;14116;14873
Price;lvmh;14219;2;B;paul;342;paul;344;14219;14873
Price;lvmh;14219;37;B;paul;342;paul;347;14219;14376
Price;lvmh;14319;9;B;paul;341;paul;347;14319;14376
Price;lvmh;14113;10;A;paul;348;paul;90;14064;14113
Price;lvmh;14109;2;A;paul;348;paul;54;14064;14109
Price;lvmh;14107;49;A;paul;348;paul;155;14064;14107
Price;lvmh;14319;43;B;paul;341;paul;349;14319;14890
Price;lvmh;14319;10;B;paul;341;paul;350;14319;14556
Price;lvmh;14336;43;B;paul;345;paul;350;14336;14556
Price;lvmh;14336;11;B;paul;345;paul;351;14336;14787
Price;lvmh;14336;13;B;paul;345;paul;352;14336;14618
Price;lvmh;14107;6;A;paul;353;paul;155;14092;14107
Price;lvmh;14105;49;A;paul;353;paul;147;14092;14105
Price;lvmh;14336;4;B;paul;345;paul;355;14336;14571
Price;lvmh;14523;49;B;paul;337;paul;355;14523;14571
Price;lvmh;14528;1;B;paul;330;paul;355;14528;14571
Price;lvmh;14571;34;A;paul;356;paul;355;14424;14571
Price;lvmh;14424;56;B;paul;356;paul;357;14424;14756
Price;lvmh;14633;38;B;paul;346;paul;357;14633;14756
Price;lvmh;14160;47;A;paul;358;paul;354;14084;14160
Price;lvmh;14633;47;B;paul;346;paul;359;14633;14661
Price;lvmh;14659;3;B;paul;283;paul;359;14659;14661
Price;lvmh;14693;28;B;paul;231;paul;360;14693;14922
Price;lvmh;14693;26;B;paul;299;paul;360;14693;14922
Price;lvmh;14693;57;B;paul;299;paul;366;14693;14955
Price;lvmh;14698;17;B;paul;273;paul;366;14698;14955
Price;lvmh;14670;13;A;paul;372;paul;370;14153;14670
Price;lvmh;14670;24;A;paul;375;paul;370;14374;14670
Price;lvmh;14662;19;A;paul;375;paul;361;14374;14662
Price;lvmh;14662;56;A;paul;376;paul;361;14524;14662
Price;lvmh;14661;17;A;paul;376;paul;359;14524;14661
Price;lvmh;14698;42;B;paul;273;paul;378;14698;14858
Price;lvmh;14705;37;B;paul;233;paul;378;14705;14858
Price;lvmh;14708;2;B;paul;69;paul;378;14708;14858
Price;lvmh;14661;4;A;paul;382;paul;359;14262;14661
Price;lvmh;14511;10;A;paul;382;paul;380;14262;14511
Price;lvmh;14511;15;A;paul;383;paul;380;14305;14511
Price;lvmh;14511;22;A;paul;385;paul;380;14233;14511
Price;lvmh;14708;38;B;paul;69;paul;387;14708;14777
Price;lvmh;14700;36;A;paul;388;paul;386;14309;14700
Price;lvmh;14511;19;A;paul;388;paul;380;14309;14511
Price;lvmh;14465;15;A;paul;388;paul;377;14309;14465
Price;lvmh;14631;52;A;paul;390;paul;389;14062;14631
Price;lvmh;14631;3;A;paul;402;paul;389;14391;14631
Price;lvmh;14574;20;A;paul;402;paul;401;14391;14574
Price;lvmh;14574;4;A;paul;406;paul;401;14020;14574
Price;lvmh;14465;18;A;paul;406;paul;377;14020;14465
Price;lvmh;14708;25;B;paul;69;paul;407;14708;14884
Price;lvmh;14717;1;B;paul;205;paul;407;14717;14884
Price;lvmh;14713;30;A;paul;413;paul;412;14402;14713
Price;lvmh;14717;20;B;paul;205;paul;414;14717;14752
Price;lvmh;14713;60;A;paul;415;paul;412;14690;14713
Price;lvmh;14665;30;A;paul;416;paul;408;14259;14665
Price;lvmh;14465;28;A;paul;416;paul;377;14259;14465
Price;lvmh;14690;39;B;paul;415;paul;417;14690;14822
Price;lvmh;14717;32;B;paul;205;paul;417;14717;14822
Price;lvmh;14727;12;B;paul;199;paul;417;14727;14822
Price;lvmh;14632;27;B;paul;418;paul;419;14632;14679
Price;lvmh;14632;23;B;paul;418;paul;420;14632;14898
Price;lvmh;14632;45;B;paul;418;paul;421;14632;14879
Price;lvmh;14727;3;B;paul;199;paul;421;14727;14879
Price;lvmh;14727;26;B;paul;293;paul;421;14727;14879
Price;lvmh;14465;1;A;paul;423;paul;377;14172;14465
Price;lvmh;14416;56;A;paul;423;paul;365;14172;14416
Price;lvmh;14413;17;A;paul;423;paul;405;14172;14413
Price;lvmh;14508;62;B;paul;422;paul;425;14508;14613
Price;lvmh;14613;12;A;paul;426;paul;425;14266;14613
Price;lvmh;14413;69;A;paul;426;paul;405;14266;14413
Price;lvmh;14446;14;B;paul;427;paul;428;14446;14733
Price;lvmh;14446;56;B;paul;427;paul;433;14446;14633
Price;lvmh;14413;6;A;paul;434;paul;405;14233;14413
Price;lvmh;14370;17;A;paul;434;paul;403;14233;14370
Price;lvmh;14369;47;A;paul;434;paul;362;14233;14369
Price;lvmh;14369;29;A;paul;438;paul;362;14226;14369
Price;lvmh;14358;6;A;paul;438;paul;393;14226;14358
Price;lvmh;14412;60;A;paul;440;paul;439;14227;14412
Price;lvmh;14358;24;A;paul;440;paul;393;14227;14358
Price;lvmh;14358;36;A;paul;450;paul;393;14103;14358
Price;lvmh;14343;6;A;paul;450;paul;363;14103;14343
Price;lvmh;14387;10;B;paul;451;paul;452;14387;14527
Price;lvmh;14387;31;B;paul;451;paul;457;14387;14992
Price;lvmh;14429;10;B;paul;443;paul;457;14429;14992
Price;lvmh;14429;43;B;paul;443;paul;458;14429;14538
Price;lvmh;14429;24;B;paul;443;paul;460;14429;14641
Price;lvmh;14431;19;B;paul;436;paul;460;14431;14641
Price;lvmh;14446;10;B;paul;427;paul;460;14446;14641
Price;lvmh;14476;7;B;paul;454;paul;460;14476;14641
Price;lvmh;14476;26;B;paul;454;paul;463;14476;14980
Price;lvmh;14476;18;B;paul;454;paul;465;14476;14770
Price;lvmh;14477;61;B;paul;442;paul;465;14477;14770
Price;lvmh;14507;1;B;paul;456;paul;465;14507;14770
Price;lvmh;14507;37;B;paul;456;paul;466;14507;14931
Price;lvmh;14529;38;B;paul;447;paul;466;14529;14931
Price;lvmh;14529;36;B;paul;447;paul;468;14529;14783
Price;lvmh;14343;48;A;paul;469;paul;363;14275;14343
Price;lvmh;14275;23;B;paul;469;paul;470;14275;14578
Price;lvmh;14529;23;B;paul;447;paul;470;14529;14578
Price;lvmh;14563;6;B;paul;444;paul;470;14563;14578
Price;lvmh;14563;24;B;paul;444;paul;472;14563;14836
Price;lvmh;14344;82;B;paul;473;paul;476;14344;14747
Price;lvmh;14344;13;B;paul;473;paul;477;14344;14474
Price;lvmh;14563;55;B;paul;444;paul;478;14563;14630
Price;lvmh;14566;24;B;paul;435;paul;478;14566;14630
Price;lvmh;14613;8;B;paul;464;paul;478;14613;14630
Price;lvmh;14474;9;A;paul;479;paul;477;14059;14474
Price;lvmh;14323;38;A;paul;479;paul;475;14059;14323
Price;lvmh;14613;5;B;paul;464;paul;482;14613;14872
Price;lvmh;14666;57;B;paul;432;paul;482;14666;14872
Price;lvmh;14666;7;B;paul;432;paul;484;14666;14727
Price;lvmh;14667;36;B;paul;462;paul;484;14667;14727
Price;lvmh;14323;24;A;paul;485;paul;475;14177;14323
Price;lvmh;14269;28;A;paul;485;paul;367;14177;14269
Price;lvmh;14257;45;A;paul;485;paul;445;14177;14257
Price;lvmh;14663;28;A;paul;487;paul;486;14016;14663
Price;lvmh;14663;18;A;paul;488;paul;486;14519;14663
Price;lvmh;14519;48;B;paul;488;paul;492;14519;14606
Price;lvmh;14667;17;B;paul;462;paul;493;14667;14836
Price;lvmh;14679;20;B;paul;431;paul;493;14679;14836
Price;lvmh;14724;54;B;paul;483;paul;493;14724;14836
Price;lvmh;14606;27;A;paul;495;paul;492;14182;14606
Price;lvmh;14257;43;A;paul;495;paul;445;14182;14257
Price;lvmh;14245;9;A;paul;495;paul;461;14182;14245
Price;lvmh;14447;19;A;paul;497;paul;496;14046;14447
Price;lvmh;14245;27;A;paul;497;paul;461;14046;14245
Price;lvmh;14312;75;B;paul;499;paul;501;14312;14742
Price;lvmh;14724;23;B;paul;483;paul;501;14724;14742
Price;lvmh;14352;51;B;paul;502;paul;503;14352;14998
Price;lvmh;14724;2;B;paul;483;paul;503;14724;14998
Price;lvmh;14727;10;B;paul;293;paul;503;14727;14998
Price;lvmh;14727;15;B;paul;293;paul;508;14727;14937
Price;lvmh;14728;5;B;paul;62;paul;508;14728;14937
Price;lvmh;14728;63;B;paul;62;paul;511;14728;14857
Price;lvmh;14728;29;B;paul;70;paul;511;14728;14857
Price;lvmh;14692;26;A;paul;517;paul;505;14011;14692
Price;lvmh;14476;48;A;paul;517;paul;516;14011;14476
Price;lvmh;14436;5;A;paul;517;paul;513;14011;14436
Price;lvmh;14728;50;B;paul;70;paul;518;14728;14802
Price;lvmh;14728;18;B;paul;70;paul;521;14728;14859
Price;lvmh;14733;32;B;paul;498;paul;521;14733;14859
Price;lvmh;14443;23;A;paul;526;paul;524;14146;14443
Price;lvmh;14488;41;B;paul;527;paul;528;14488;14985
Price;lvmh;14733;29;B;paul;498;paul;528;14733;14985
Price;lvmh;14737;9;B;paul;7;paul;528;14737;14985
Price;lvmh;14737;6;B;paul;7;paul;529;14737;14781
Price;lvmh;14742;17;B;paul;396;paul;529;14742;14781
Price;lvmh;14705;22;A;paul;534;paul;532;14647;14705
Price;lvmh;14705;14;A;paul;536;paul;532;14389;14705
Price;lvmh;14654;25;A;paul;536;paul;531;14389;14654
Price;lvmh;14615;27;A;paul;536;paul;535;14389;14615
Price;lvmh;14615;43;A;paul;538;paul;535;14592;14615
Price;lvmh;14615;26;A;paul;539;paul;535;14562;14615
Price;lvmh;14562;28;B;paul;539;paul;543;14562;14768
Price;lvmh;14742;15;B;paul;396;paul;543;14742;14768
Price;lvmh;14443;44;A;paul;545;paul;524;14217;14443
Price;lvmh;14443;5;A;paul;550;paul;524;14302;14443
Price;lvmh;14436;18;A;paul;550;paul;513;14302;14436
Price;lvmh;14418;30;A;paul;550;paul;519;14302;14418
Price;lvmh;14381;23;A;paul;550;paul;530;14302;14381
Price;lvmh;14495;17;B;paul;549;paul;552;14495;14939
Price;lvmh;14704;13;B;paul;548;paul;552;14704;14939
Price;lvmh;14381;38;A;paul;559;paul;530;14180;14381
Price;lvmh;14704;27;B;paul;548;paul;560;14704;14900
Price;lvmh;14733;1;B;paul;557;paul;560;14733;14900
Price;lvmh;14676;26;A;paul;564;paul;563;14073;14676
Price;lvmh;14381;26;A;paul;564;paul;530;14073;14381
Price;lvmh;14374;44;A;paul;564;paul;561;14073;14374
Price;lvmh;14405;36;B;paul;569;paul;571;14405;14526
Price;lvmh;14452;54;B;paul;570;paul;571;14452;14526
Price;lvmh;14733;67;B;paul;557;paul;572;14733;14858
Price;lvmh;14740;26;B;paul;551;paul;572;14740;14858
Price;lvmh;14526;6;A;paul;573;paul;571;14421;14526
Price;lvmh;14421;90;B;paul;573;paul;574;14421;14571
Price;lvmh;14571;7;A;paul;578;paul;574;14556;14571
Price;lvmh;14377;16;A;paul;579;paul;576;14346;14377
Price;lvmh;14377;43;A;paul;580;paul;576;14046;14377
Price;lvmh;14377;29;A;paul;582;paul;576;14143;14377
Price;lvmh;14410;44;A;paul;593;paul;589;14376;14410
Price;lvmh;14410;20;A;paul;594;paul;589;14343;14410
Price;lvmh;14410;5;A;paul;595;paul;589;14288;14410
Price;lvmh;14405;10;A;paul;595;paul;583;14288;14405
Price;lvmh;14377;1;A;paul;595;paul;576;14288;14377
Price;lvmh;14374;6;A;paul;595;paul;561;14288;14374
Price;lvmh;14421;49;B;paul;587;paul;599;14421;14992
Price;lvmh;14374;6;A;paul;604;paul;561;14079;14374
Price;lvmh;14360;4;A;paul;604;paul;544;14079;14360
Price;lvmh;14421;43;B;paul;587;paul;606;14421;14887
Price;lvmh;14360;44;A;paul;608;paul;544;14226;14360
Price;lvmh;14421;7;B;paul;587;paul;609;14421;14515
Price;lvmh;14497;51;B;paul;581;paul;609;14497;14515
Price;lvmh;14497;6;B;paul;581;paul;612;14497;14841
Price;lvmh;14556;27;B;paul;578;paul;612;14556;14841
Price;lvmh;14556;26;B;paul;578;paul;613;14556;14789
Price;lvmh;14360;28;A;paul;614;paul;544;14024;14360
Price;lvmh;14358;28;A;paul;614;paul;567;14024;14358
Price;lvmh;14551;61;B;paul;615;paul;617;14551;14577
Price;lvmh;14408;83;B;paul;618;paul;619;14408;14681
Price;lvmh;14358;12;A;paul;620;paul;567;14105;14358
Price;lvmh;14408;16;B;paul;618;paul;621;14408;14957
Price;lvmh;14551;21;B;paul;615;paul;621;14551;14957
Price;lvmh;14358;23;A;paul;623;paul;567;14342;14358
Price;lvmh;14494;70;B;paul;622;paul;625;14494;14813
Price;lvmh;14551;9;B;paul;615;paul;625;14551;14813
Price;lvmh;14556;9;B;paul;578;paul;625;14556;14813
Price;lvmh;14559;1;B;paul;600;paul;625;14559;14813
Price;lvmh;14559;24;B;paul;600;paul;627;14559;14668
Price;lvmh;14559;27;B;paul;600;paul;628;14559;14855
Price;lvmh;14479;16;A;paul;635;paul;629;14231;14479
Price;lvmh;14372;15;A;paul;635;paul;634;14231;14372
Price;lvmh;14358;10;A;paul;635;paul;567;14231;14358
Price;lvmh;14352;57;A;paul;635;paul;562;14231;14352
Price;lvmh;14578;33;B;paul;592;paul;638;14578;14850
Price;lvmh;14584;13;B;paul;611;paul;638;14584;14850
Price;lvmh;14686;50;B;paul;586;paul;638;14686;14850
Price;lvmh;14612;57;A;paul;641;paul;640;14479;14612
Price;lvmh;14612;33;A;paul;642;paul;640;14056;14612
Price;lvmh;14424;32;A;paul;642;paul;636;14056;14424
Price;lvmh;14686;21;B;paul;586;paul;643;14686;14687
Price;lvmh;14724;18;B;paul;610;paul;646;14724;14750
Price;lvmh;14687;21;A;paul;647;paul;643;14282;14687
Price;lvmh;14424;14;A;paul;647;paul;636;14282;14424
Price;lvmh;14424;2;A;paul;648;paul;636;14118;14424
Price;lvmh;14390;21;A;paul;648;paul;644;14118;14390
Price;lvmh;14390;36;A;paul;652;paul;644;14140;14390
Price;lvmh;14390;31;A;paul;653;paul;644;14330;14390
Price;lvmh;14352;33;A;paul;653;paul;562;14330;14352
Price;lvmh;14352;18;A;paul;653;paul;601;14330;14352
Price;lvmh;14330;12;B;paul;653;paul;654;14330;14595
Price;lvmh;14543;25;B;paul;651;paul;654;14543;14595
Price;lvmh;14595;53;A;paul;656;paul;654;14118;14595
Price;lvmh;14328;2;A;paul;656;paul;542;14118;14328
Price;lvmh;14348;20;B;paul;659;paul;665;14348;14734
Price;lvmh;14724;25;B;paul;610;paul;665;14724;14734
Price;lvmh;14339;12;A;paul;666;paul;661;14183;14339
Price;lvmh;14555;19;B;paul;669;paul;674;14555;14826
Price;lvmh;14618;18;B;paul;673;paul;674;14618;14826
Price;lvmh;14724;6;B;paul;610;paul;674;14724;14826
Price;lvmh;14469;69;B;paul;677;paul;678;14469;14880
Price;lvmh;14469;16;B;paul;677;paul;680;14469;14553
Price;lvmh;14574;39;B;paul;682;paul;685;14574;14818
Price;lvmh;14724;12;B;paul;610;paul;685;14724;14818
Price;lvmh;14726;18;B;paul;675;paul;685;14726;14818
Price;lvmh;14553;31;A;paul;686;paul;680;14295;14553
Price;lvmh;14457;16;A;paul;686;paul;676;14295;14457
Price;lvmh;14372;44;A;paul;686;paul;683;14295;14372
Price;lvmh;14726;71;B;paul;675;paul;695;14726;14757
Price;lvmh;14740;1;B;paul;551;paul;695;14740;14757
Price;lvmh;14554;77;A;paul;696;paul;691;14290;14554
Price;lvmh;14607;63;A;paul;698;paul;697;14415;14607
Price;lvmh;14554;8;A;paul;698;paul;691;14415;14554
Price;lvmh;14554;8;A;paul;699;paul;691;14395;14554
Price;lvmh;14448;44;A;paul;699;paul;687;14395;14448
Price;lvmh;14452;13;A;paul;706;paul;705;14205;14452
Price;lvmh;14452;22;A;paul;709;paul;705;14233;14452
Price;lvmh;14480;31;B;paul;707;paul;710;14480;14617
Price;lvmh;14544;27;B;paul;701;paul;710;14544;14617
Price;lvmh;14617;14;A;paul;714;paul;710;14452;14617
Price;lvmh;14617;8;A;paul;717;paul;710;14338;14617
Price;lvmh;14572;24;A;paul;717;paul;716;14338;14572
Price;lvmh;14452;13;A;paul;717;paul;705;14338;14452
Price;lvmh;14706;57;B;paul;700;paul;720;14706;14733
Price;lvmh;14604;37;A;paul;724;paul;719;14216;14604
Price;lvmh;14604;33;A;paul;726;paul;719;14090;14604
Price;lvmh;14515;15;A;paul;726;paul;722;14090;14515
Price;lvmh;14706;18;B;paul;700;paul;727;14706;14857
Price;lvmh;14740;53;B;paul;551;paul;727;14740;14857
Price;lvmh;14742;12;B;paul;396;paul;727;14742;14857
Price;lvmh;14747;10;B;paul;262;paul;727;14747;14857
Price;lvmh;14515;9;A;paul;729;paul;722;14162;14515
Price;lvmh;14452;37;A;paul;729;paul;705;14162;14452
Price;lvmh;14448;45;A;paul;729;paul;687;14162;14448
Price;lvmh;14747;26;B;paul;262;paul;731;14747;14766
Price;lvmh;14448;8;A;paul;732;paul;687;14145;14448
Price;lvmh;14417;25;A;paul;732;paul;703;14145;14417
Price;lvmh;14747;59;B;paul;262;paul;734;14747;14836
Price;lvmh;14748;25;B;paul;379;paul;734;14748;14836
Price;lvmh;14417;18;A;paul;735;paul;703;14319;14417
Price;lvmh;14402;57;A;paul;735;paul;688;14319;14402
Price;lvmh;14398;12;A;paul;735;paul;728;14319;14398
Price;lvmh;14398;2;A;paul;736;paul;728;14357;14398
Price;lvmh;14393;22;A;paul;736;paul;725;14357;14393
Price;lvmh;14748;40;B;paul;379;paul;738;14748;14869
Price;lvmh;14749;11;B;paul;568;paul;738;14749;14869
Price;lvmh;14751;38;B;paul;410;paul;738;14751;14869
Price;lvmh;14754;10;B;paul;295;paul;738;14754;14869
Price;lvmh;14754;22;B;paul;295;paul;742;14754;14957
Price;lvmh;14759;64;B;paul;145;paul;742;14759;14957
Price;lvmh;14745;48;A;paul;743;paul;741;14624;14745
Price;lvmh;14745;12;A;paul;744;paul;741;14307;14745
Price;lvmh;14393;33;A;paul;744;paul;725;14307;14393
Price;lvmh;14372;12;A;paul;744;paul;683;14307;14372
Price;lvmh;14372;40;A;paul;745;paul;683;14137;14372
Price;lvmh;14339;28;A;paul;745;paul;661;14137;14339
Price;lvmh;14617;27;A;paul;747;paul;746;14423;14617
Price;lvmh;14759;29;B;paul;145;paul;749;14759;14970
Price;lvmh;14760;7;B;paul;320;paul;749;14760;14970
Price;lvmh;14760;39;B;paul;320;paul;750;14760;14873
Price;lvmh;14617;10;A;paul;751;paul;746;14227;14617
Price;lvmh;14339;5;A;paul;751;paul;661;14227;14339
Price;lvmh;14329;73;A;paul;751;paul;737;14227;14329
Price;lvmh;14328;4;A;paul;751;paul;542;14227;14328
Price;lvmh;14440;81;A;paul;759;paul;754;14228;14440
Price;lvmh;14442;40;B;paul;762;paul;764;14442;14838
Price;lvmh;14440;8;A;paul;765;paul;754;14132;14440
Price;lvmh;14328;35;A;paul;765;paul;542;14132;14328
Price;lvmh;14311;6;A;paul;765;paul;632;14132;14311
Price;lvmh;14442;4;B;paul;762;paul;767;14442;14619
Price;lvmh;14482;8;B;paul;752;paul;767;14482;14619
Price;lvmh;14482;41;B;paul;752;paul;768;14482;14591
Price;lvmh;14482;13;B;paul;752;paul;769;14482;14869
Price;lvmh;14482;2;B;paul;752;paul;770;14482;14866
Price;lvmh;14536;43;B;paul;758;paul;770;14536;14866
Price;lvmh;14702;30;B;paul;755;paul;770;14702;14866
Price;lvmh;14427;10;A;paul;771;paul;766;14309;14427
Price;lvmh;14702;17;B;paul;755;paul;772;14702;14898
Price;lvmh;14724;42;B;paul;761;paul;772;14724;14898
Price;lvmh;14724;2;B;paul;761;paul;773;14724;14736
Price;lvmh;14736;27;A;paul;774;paul;773;14075;14736
Price;lvmh;14736;15;A;paul;775;paul;773;14588;14736
Price;lvmh;14736;2;A;paul;777;paul;773;14292;14736
Price;lvmh;14427;67;A;paul;777;paul;766;14292;14427
Price;lvmh;14480;57;A;paul;780;paul;779;14167;14480
Price;lvmh;14747;57;B;paul;778;paul;782;14747;14808
Price;lvmh;14760;17;B;paul;320;paul;782;14760;14808
Price;lvmh;14760;1;B;paul;781;paul;782;14760;14808
Price;lvmh;14480;18;A;paul;786;paul;779;14012;14480
Price;lvmh;14427;19;A;paul;786;paul;766;14012;14427
Price;lvmh;14336;23;A;paul;786;paul;776;14012;14336
Price;lvmh;14336;35;A;paul;788;paul;776;14278;14336
Price;lvmh;14311;12;A;paul;788;paul;632;14278;14311
Price;lvmh;14301;37;A;paul;788;paul;506;14278;14301
Price;lvmh;14301;22;A;paul;789;paul;506;14225;14301
Price;lvmh;14283;9;A;paul;789;paul;554;14225;14283
Price;lvmh;14545;33;B;paul;795;paul;797;14545;14828
Price;lvmh;14545;32;B;paul;795;paul;800;14545;14822
Price;lvmh;14548;8;B;paul;791;paul;800;14548;14822
Price;lvmh;14548;69;B;paul;791;paul;801;14548;14667
Price;lvmh;14728;77;A;paul;803;paul;802;14151;14728
Price;lvmh;14735;35;B;paul;790;paul;806;14735;14975
Price;lvmh;14760;16;B;paul;781;paul;806;14760;14975
Price;lvmh;14728;13;A;paul;807;paul;802;14194;14728
Price;lvmh;14667;12;A;paul;807;paul;801;14194;14667
Price;lvmh;14530;60;A;paul;807;paul;792;14194;14530
Price;lvmh;14530;32;A;paul;808;paul;792;14145;14530
Price;lvmh;14525;39;A;paul;808;paul;804;14145;14525
Price;lvmh;14572;17;A;paul;811;paul;810;14479;14572
Price;lvmh;14618;51;A;paul;818;paul;814;14122;14618
Price;lvmh;14618;8;A;paul;821;paul;814;14594;14618
Price;lvmh;14594;20;B;paul;821;paul;822;14594;14798
Price;lvmh;14572;24;A;paul;823;paul;810;14027;14572
Price;lvmh;14525;44;A;paul;823;paul;804;14027;14525
Price;lvmh;14594;61;B;paul;821;paul;825;14594;14737
Price;lvmh;14594;2;B;paul;821;paul;827;14594;14655
Price;lvmh;14655;25;A;paul;829;paul;827;14189;14655
Price;lvmh;14525;7;A;paul;829;paul;804;14189;14525
Price;lvmh;14484;39;A;paul;829;paul;816;14189;14484
Price;lvmh;14484;21;A;paul;833;paul;816;14236;14484
Price;lvmh;14613;53;B;paul;831;paul;834;14613;14829
Price;lvmh;14730;25;B;paul;809;paul;834;14730;14829
Price;lvmh;14730;64;B;paul;809;paul;837;14730;14957
Price;lvmh;14750;20;B;paul;813;paul;837;14750;14957
Price;lvmh;14529;37;A;paul;838;paul;836;14382;14529
Price;lvmh;14750;4;B;paul;813;paul;840;14750;14946
Price;lvmh;14760;22;B;paul;781;paul;840;14760;14946
Price;lvmh;14761;18;B;paul;328;paul;840;14761;14946
Price;lvmh;14751;49;A;paul;847;paul;846;14395;14751
Price;lvmh;14529;40;A;paul;847;paul;836;14395;14529
Price;lvmh;14529;1;A;paul;848;paul;836;14296;14529
Price;lvmh;14484;13;A;paul;848;paul;816;14296;14484
Price;lvmh;14478;4;A;paul;848;paul;839;14296;14478
Price;lvmh;14577;45;B;paul;849;paul;850;14577;14784
Price;lvmh;14761;52;B;paul;328;paul;850;14761;14784
Price;lvmh;14478;21;A;paul;851;paul;839;14148;14478
Price;lvmh;14588;69;A;paul;853;paul;852;14111;14588
Price;lvmh;14478;1;A;paul;853;paul;839;14111;14478
Price;lvmh;14761;14;B;paul;328;paul;857;14761;14815
Price;lvmh;14762;42;B;paul;657;paul;857;14762;14815
Price;lvmh;14762;17;B;paul;657;paul;861;14762;14763
Price;lvmh;14763;27;A;paul;863;paul;861;14620;14763
Price;lvmh;14766;36;B;paul;783;paul;870;14766;14884
Price;lvmh;14763;38;A;paul;872;paul;861;14106;14763
Price;lvmh;14624;31;A;paul;872;paul;867;14106;14624
Price;lvmh;14624;51;A;paul;875;paul;867;14243;14624
Price;lvmh;14597;13;A;paul;875;paul;854;14243;14597
Price;lvmh;14766;52;B;paul;783;paul;876;14766;14901
Price;lvmh;14772;16;B;paul;319;paul;876;14772;14901
Price;lvmh;14597;31;A;paul;877;paul;854;14524;14597
Price;lvmh;14597;6;A;paul;878;paul;854;14344;14597
Price;lvmh;14478;1;A;paul;878;paul;839;14344;14478
Price;lvmh;14454;81;A;paul;878;paul;793;14344;14454
Price;lvmh;14564;37;B;paul;879;paul;882;14564;14864
Price;lvmh;14454;9;A;paul;885;paul;793;14103;14454
Price;lvmh;14429;3;A;paul;885;paul;862;14103;14429
Price;lvmh;14429;18;A;paul;886;paul;862;14034;14429
Price;lvmh;14420;45;A;paul;886;paul;819;14034;14420
Price;lvmh;14564;10;B;paul;879;paul;889;14564;14675
Price;lvmh;14587;56;B;paul;880;paul;889;14587;14675
Price;lvmh;14678;20;A;paul;893;paul;891;14048;14678
Price;lvmh;14675;11;A;paul;893;paul;889;14048;14675
Price;lvmh;14425;39;A;paul;893;paul;887;14048;14425
Price;lvmh;14772;28;B;paul;319;paul;894;14772;14839
Price;lvmh;14773;5;B;paul;47;paul;894;14773;14839
Price;lvmh;14773;56;B;paul;47;paul;897;14773;14787
Price;lvmh;14774;22;B;paul;250;paul;897;14774;14787
Price;lvmh;14767;46;A;paul;899;paul;895;14036;14767
Price;lvmh;14767;32;A;paul;900;paul;895;14056;14767
Price;lvmh;14767;11;A;paul;902;paul;895;14326;14767
Price;lvmh;14774;9;B;paul;250;paul;903;14774;14867
Price;lvmh;14776;29;B;paul;163;paul;903;14776;14867
Price;lvmh;14767;3;A;paul;905;paul;895;14039;14767
Price;lvmh;14432;19;A;paul;905;paul;904;14039;14432
Price;lvmh;14432;37;A;paul;909;paul;904;14283;14432
Price;lvmh;14425;17;A;paul;909;paul;887;14283;14425
Price;lvmh;14582;85;B;paul;907;paul;910;14582;14679
Price;lvmh;14679;8;A;paul;911;paul;910;14172;14679
Price;lvmh;14425;25;A;paul;911;paul;887;14172;14425
Price;lvmh;14420;1;A;paul;911;paul;819;14172;14420
Price;lvmh;14419;4;A;paul;911;paul;841;14172;14419
Price;lvmh;14419;36;A;paul;913;paul;841;14051;14419
Price;lvmh;14414;57;A;paul;913;paul;826;14051;14414
Price;lvmh;14776;22;B;paul;163;paul;915;14776;14957
Price;lvmh;14776;46;B;paul;181;paul;915;14776;14957
Price;lvmh;14778;15;B;paul;256;paul;915;14778;14957
Price;lvmh;14716;78;A;paul;918;paul;916;14558;14716
Price;lvmh;14498;47;B;paul;919;paul;920;14498;14772
Price;lvmh;14558;3;B;paul;918;paul;920;14558;14772
Price;lvmh;14772;44;A;paul;921;paul;920;14185;14772
Price;lvmh;14414;4;A;paul;921;paul;826;14185;14414
Price;lvmh;14778;39;B;paul;256;paul;922;14778;14931
Price;lvmh;14778;43;B;paul;391;paul;922;14778;14931
Price;lvmh;14784;15;B;paul;162;paul;922;14784;14931
Price;lvmh;14433;39;B;paul;929;paul;931;14433;14868
Price;lvmh;14605;37;B;paul;930;paul;931;14605;14868
Price;lvmh;14784;15;B;paul;162;paul;931;14784;14868
Price;lvmh;14414;1;A;paul;932;paul;826;14235;14414
Price;lvmh;14410;10;A;paul;932;paul;925;14235;14410
Price;lvmh;14404;30;A;paul;932;paul;864;14235;14404
Price;lvmh;14400;4;A;paul;932;paul;898;14235;14400
Price;lvmh;14453;57;B;paul;934;paul;935;14453;14672
Price;lvmh;14784;9;B;paul;162;paul;937;14784;14798
Price;lvmh;14784;14;B;paul;310;paul;937;14784;14798
Price;lvmh;14701;27;A;paul;939;paul;936;14316;14701
Price;lvmh;14701;36;A;paul;940;paul;936;14068;14701
Price;lvmh;14701;6;A;paul;941;paul;936;14029;14701
Price;lvmh;14672;8;A;paul;941;paul;935;14029;14672
Price;lvmh;14784;26;B;paul;310;paul;942;14784;14888
Price;lvmh;14784;24;B;paul;310;paul;943;14784;14944
Price;lvmh;14672;28;A;paul;945;paul;935;14610;14672
Price;lvmh;14582;51;A;paul;948;paul;947;14151;14582
Price;lvmh;14415;38;A;paul;948;paul;933;14151;14415
Price;lvmh;14400;1;A;paul;948;paul;898;14151;14400
Price;lvmh;14400;38;A;paul;949;paul;898;14050;14400
Price;lvmh;14391;18;A;paul;949;paul;856;14050;14391
Price;lvmh;14388;2;A;paul;949;paul;884;14050;14388
Price;lvmh;14476;28;B;paul;953;paul;956;14476;14612
Price;lvmh;14476;8;B;paul;953;paul;961;14476;14828
Price;lvmh;14610;18;B;paul;945;paul;961;14610;14828
Price;lvmh;14700;57;B;paul;952;paul;961;14700;14828
Price;lvmh;14700;22;B;paul;952;paul;962;14700;14997
Price;lvmh;14706;15;B;paul;955;paul;962;14706;14997
Price;lvmh;14784;7;B;paul;310;paul;962;14784;14997
Price;lvmh;14784;25;B;paul;411;paul;962;14784;14997
Price;lvmh;14786;10;B;paul;75;paul;962;14786;14997
Price;lvmh;14401;68;A;paul;963;paul;960;14251;14401
Price;lvmh;14388;23;A;paul;963;paul;884;14251;14388
Price;lvmh;14786;48;B;paul;75;paul;966;14786;14807
Price;lvmh;14787;49;B;paul;251;paul;966;14787;14807
Price;lvmh;14787;6;B;paul;251;paul;967;14787;14798
Price;lvmh;14788;45;B;paul;136;paul;967;14788;14798
Price;lvmh;14653;22;B;paul;970;paul;972;14653;14734
Price;lvmh;14451;43;A;paul;973;paul;968;14195;14451
Price;lvmh;14388;5;A;paul;973;paul;884;14195;14388
Price;lvmh;14383;24;A;paul;973;paul;965;14195;14383
Price;lvmh;14383;19;A;paul;975;paul;965;14184;14383
Price;lvmh;14376;36;A;paul;975;paul;912;14184;14376
Price;lvmh;14653;43;B;paul;970;paul;978;14653;14653
Price;lvmh;14653;34;A;paul;979;paul;978;14649;14653
Price;lvmh;14485;58;B;paul;980;paul;983;14485;14936
Price;lvmh;14376;50;A;paul;984;paul;912;14255;14376
Price;lvmh;14358;18;A;paul;984;paul;964;14255;14358
Price;lvmh;14317;9;A;paul;984;paul;958;14255;14317
Price;lvmh;14317;42;A;paul;986;paul;958;14038;14317
Price;lvmh;14485;34;B;paul;980;paul;987;14485;14944
Price;lvmh;14582;20;B;paul;985;paul;987;14582;14944
Price;lvmh;14417;37;A;paul;990;paul;989;14063;14417
Price;lvmh;14417;11;A;paul;992;paul;989;14227;14417
Price;lvmh;14417;2;A;paul;994;paul;989;14359;14417
Price;lvmh;14371;24;A;paul;994;paul;991;14359;14371
Price;lvmh;14371;17;A;paul;997;paul;991;14145;14371
Price;lvmh;14317;12;A;paul;997;paul;958;14145;14317
Price;lvmh;14298;45;A;paul;997;paul;860;14145;14298
Price;lvmh;14449;55;B;paul;995;paul;998;14449;14865
Price;lvmh;14449;16;B;paul;995;paul;999;14449;14630
Price;lvmh;14475;14;B;paul;996;paul;999;14475;14630
Price;lvmh;14298;9;A;pierre;1;paul;860;10000;14298
Price;lvmh;14297;1;A;pierre;1;paul;859;10000;14297
